source_url,target_url,anchor_text,section_hint,http_status
https://kriskrug.co/the-kk-worldview/,https://kriskrug.co/2023/11/04/the-power-of-most-benevolent-outcomes-a-prayer-for-blessings-for-all-living-things/,there is a prayer I actually say about this,"On Truth and Understanding section, block 10, new paragraph after the list",200
https://kriskrug.co/2026/05/23/you-cant-drink-data/,https://kriskrug.co/2023/11/04/the-power-of-most-benevolent-outcomes-a-prayer-for-blessings-for-all-living-things/,"I say a prayer about this most mornings, which is either funny or the whole point","Block 4, they-are-right-about-a-lot-of-it paragraph, trailing sentence",200
https://kriskrug.co/2026/02/20/spa-at-the-end-of-time/,https://kriskrug.co/2023/11/04/the-power-of-most-benevolent-outcomes-a-prayer-for-blessings-for-all-living-things/,I have my own version of the seance,"Block 6, the astral-plane audio paragraph, trailing sentence",200
https://kriskrug.co/2026/05/04/punk-rock-ai/,https://kriskrug.co/2023/11/04/the-power-of-most-benevolent-outcomes-a-prayer-for-blessings-for-all-living-things/,the optimistic version of the same argument,"Final paragraph, before the collection footer",200
https://kriskrug.co/2023/11/04/the-power-of-most-benevolent-outcomes-a-prayer-for-blessings-for-all-living-things/,https://kriskrug.co/the-kk-worldview/,"the rest of my lens, written out plainly","Block 5, after the shared-with-me-by-a-friend line, trailing sentence",200
https://kriskrug.co/2023/11/04/the-power-of-most-benevolent-outcomes-a-prayer-for-blessings-for-all-living-things/,https://kriskrug.co/ai-ethics/,"the less mystical version of this, which is how I actually practice it","Block 21, end of Embracing the Digital Future, before the How To Practice heading",200
https://kriskrug.co/ai-ethics/,https://kriskrug.co/2026/05/23/you-cant-drink-data/,You Can't Drink Data,"Source trail section, new first card ahead of Punk Rock AI",200
https://kriskrug.co/2026/06/26/canada-doesnt-need-a-bigger-ai-machine-it-needs-a-better-one/,https://kriskrug.co/2026/05/23/you-cant-drink-data/,what the water math looks like from street level,"First paragraph that raises compute or infrastructure cost, trailing sentence",200
https://kriskrug.co/2024/06/29/ai-is-not-your-friend-why-we-need-to-rethink-our-relationship-with-artificial-intelligence/,https://kriskrug.co/2026/05/23/you-cant-drink-data/,two years later I went to the protest and wrote down what the signs said,"Final paragraph, before the collection footer",200
https://kriskrug.co/2026/05/19/we-trained-ai-on-stolen-work/,https://kriskrug.co/2026/05/23/you-cant-drink-data/,the march where the illustrators showed up as a guild,"Creative labour paragraph, trailing sentence",200
https://kriskrug.co/photography/,https://kriskrug.co/category/photography-visual-storytelling/,"the whole archive, twenty years of it","Block 23, closing section, second link beside the existing Flickr exit",200
https://kriskrug.co/photography/,https://kriskrug.co/2006/10/23/kk-on-modelmayhemcom/,"the fashion and model years, 2006 to 2008","Block 23, closing section, new sentence",200
https://kriskrug.co/2007/04/27/to-all-you-wannabe-fashion-photographers/,https://kriskrug.co/2006/10/23/kk-on-modelmayhemcom/,how I found those people in the first place,"Body, trailing sentence, before the collection footer",200
https://kriskrug.co/2006/10/23/kk-on-modelmayhemcom/,https://kriskrug.co/photography/,where all of that ended up,"Block 2, after the met-a-couple-cool-peeps line, new sentence",200
https://kriskrug.co/ai-conversations/,https://kriskrug.co/2023/09/22/coffee-community-and-sobriety-matt-mckennas-decade-at-dent/,Matt McKenna's decade at DENT,"Interview card list, new card",200
https://kriskrug.co/2023/08/19/dent-the-future-an-insiders-experiences-at-the-dent-conference/,https://kriskrug.co/2023/09/22/coffee-community-and-sobriety-matt-mckennas-decade-at-dent/,"Matt McKenna, who has been at every single one","DENT community paragraph, inline on the name",200
https://kriskrug.co/2019/03/30/dent-2019-photo-recap-gallery/,https://kriskrug.co/2023/09/22/coffee-community-and-sobriety-matt-mckennas-decade-at-dent/,I sat down with Matt McKenna a few years after this,"Intro paragraph, trailing sentence",200
https://kriskrug.co/2024/01/28/inside-the-innaugural-vancouver-ai-community-meetup/,https://kriskrug.co/events/,"we still do this every month, and the next one is on the calendar","Final paragraph, before the collection footer",200
https://kriskrug.co/2025/05/11/vancouver-ai-meetup-16-where-tech-creativity-and-community-collide/,https://kriskrug.co/events/,the next one,"Final paragraph, before the collection footer",200
https://kriskrug.co/2025/03/02/vancouver-ai-the-community-building-bcs-ai-future-february-meetup-recap/,https://kriskrug.co/events/,come to the next one,"Final paragraph, before the collection footer",200
https://kriskrug.co/2024/09/01/august-vancouver-ai-community-meetup-recap-hackers-hustlers-heretics/,https://kriskrug.co/events/,the current calendar,"Final paragraph, before the collection footer",200
https://kriskrug.co/2024/07/08/creativity-in-the-age-of-ai-vancouver-ai-community-meetup-june-2024-highlights/,https://kriskrug.co/events/,where the next one lands,"Final paragraph, before the collection footer",200
https://kriskrug.co/2024/06/02/june-vancouver-ai-community-meetup-recap-a-confluence-of-minds-and-machines/,https://kriskrug.co/events/,"still monthly, still free, still worth the trip","Final paragraph, before the collection footer",200
https://kriskrug.co/2023/12/27/2024-vancouver-ai-community-meetups/,https://kriskrug.co/events/,"the live calendar, which is the version that stays current","Intro section, high in the post, ahead of the 2023-era external link list",200
https://kriskrug.co/vancouver-ai/,https://kriskrug.co/events/,the calendar,"Events and recaps card, block 11, added beside the existing Browse AI events link",200
https://kriskrug.co/ai-for-creatives/,https://kriskrug.co/2023/05/30/the-cyber-love-garden-a-crossroads-of-art-and-ai-at-otherworld/,The Cyber Love Garden,"Read next section, new card",200
https://kriskrug.co/2023/08/16/exquisite-corpse-collaborative-ai-art-experiment-on-discord-w-midjourney-zoom-out/,https://kriskrug.co/2023/05/30/the-cyber-love-garden-a-crossroads-of-art-and-ai-at-otherworld/,the garden where we ran this in person,"Discord experiment paragraph, trailing sentence",200
https://kriskrug.co/2023/07/06/headed-to-burning-man-shambhala-or-coachella-ignite-your-festival-persona/,https://kriskrug.co/2023/05/30/the-cyber-love-garden-a-crossroads-of-art-and-ai-at-otherworld/,what we built at Otherworld,"Body, trailing sentence",200
https://kriskrug.co/2023/10/15/community-art-project-development-process-guide/,https://kriskrug.co/2023/05/30/the-cyber-love-garden-a-crossroads-of-art-and-ai-at-otherworld/,a worked example of all of this,"Intro paragraph, trailing sentence",200
https://kriskrug.co/2023/08/16/exquisite-corpse-collaborative-ai-art-experiment-on-discord-w-midjourney-zoom-out/,https://kriskrug.co/contact/,get in touch,"Repair, replaces the dead kriskrug.com/contact link in place",200
https://kriskrug.co/2026/07/31/ai-lands-inside-every-profession/,https://kriskrug.co/speaking/,I give a talk about exactly this,"Closing section, before the collection footer",200
https://kriskrug.co/2026/06/26/canada-doesnt-need-a-bigger-ai-machine-it-needs-a-better-one/,https://kriskrug.co/about/,why I keep saying this out loud,"Closing paragraph, before the collection footer",200
https://kriskrug.co/2026/05/04/punk-rock-ai/,https://kriskrug.co/glossary/,plain definitions for the words in here,"Early body, first appearance of a term of art",200
https://kriskrug.co/photography/,https://kriskrug.co/2007/04/10/checklist-of-model-photographer-negotiation-items/,the negotiation checklist I wrote in 2007 and still stand behind,"Block 23, closing section, alongside the archive links",200
https://kriskrug.co/2007/04/27/to-all-you-wannabe-fashion-photographers/,https://kriskrug.co/2007/04/10/checklist-of-model-photographer-negotiation-items/,the checklist version of this rant,"Final paragraph, before the collection footer",200
https://kriskrug.co/2006/10/23/kk-on-modelmayhemcom/,https://kriskrug.co/2007/04/10/checklist-of-model-photographer-negotiation-items/,the one useful thing I posted over there,"Block 2, trailing sentence",200
https://kriskrug.co/2007/04/10/checklist-of-model-photographer-negotiation-items/,https://kriskrug.co/photography/,twenty years of shooting since I wrote this,"Closing line of the rewritten post, before the collection footer",200
